username,title,content,password,timestamp
ddkkkkfjjfj,jjjjjjj,jjjjj,,2025-01-17 00:43:54
ssjjsksjsk,jjjjjjiiiiii,jjiijjiijjiij,,2025-01-17 00:43:43
dkkkjfljkjf,kkkkk,kkkkk,,2025-01-17 00:43:33
ABC,DEF,GGGGG,,2025-01-17 00:43:25
AA,BBB,CCCCDDD,,2025-01-17 00:43:17
AAAA,bbb,CCCCC,,2025-01-17 00:43:11
ABC,BCD,kkk,,2025-01-17 00:43:01
SGASGA,Title#5,Title,,2025-01-17 00:42:29
seby#3,Title #3,Hmm... is it working well?,,2025-01-17 00:32:19
Seongbin Ga,Title #2,ABCDEFG HIJKLMNOP QRSTUV WXYZ,,2025-01-17 00:21:17
Nick name Here!,HOI HOI HOI,Here is my nick name,,2025-01-17 00:20:09
